{
  "success": true,
  "terms": "https:\/\/currencylayer.com\/terms",
  "privacy": "https:\/\/currencylayer.com\/privacy",
  "timestamp": 1447732209,
  "source": "USD",
  "quotes": {
    "USDAED": 3.67255,
    "USDAFN": 67.110001,
    "USDALL": 129.169495,
    "USDAMD": 481.76001,
    "USDANG": 1.790205,
    "USDAOA": 135.274994,
    "USDARS": 9.62175,
    "USDAUD": 1.411084,
    "USDAWG": 1.79,
    "USDAZN": 1.04645,
    "USDBAM": 1.83395,
    "USDBBD": 2,
    "USDBDT": 78.433952,
    "USDBGN": 1.832404,
    "USDBHD": 0.37709,
    "USDBIF": 1538,
    "USDBMD": 1.00005,
    "USDBND": 1.422199,
    "USDBOB": 6.91003,
    "USDBRL": 3.8267,
    "USDBSD": 1.00459,
    "USDBTC": 0.002964,
    "USDBTN": 66.002502,
    "USDBWP": 10.88445,
    "USDBYR": 17852,
    "USDBZD": 1.995004,
    "USDCAD": 1.334036,
    "USDCDF": 926.999899,
    "USDCHF": 1.01094,
    "USDCLF": 0.024598,
    "USDCLP": 712.39502,
    "USDCNY": 6.37545,
    "USDCOP": 3086.330078,
    "USDCRC": 534.190002,
    "USDCUC": 1,
    "USDCUP": 1.000122,
    "USDCVE": 103.220001,
    "USDCZK": 25.368999,
    "USDDJF": 177.634995,
    "USDDKK": 6.999499,
    "USDDOP": 45.209999,
    "USDDZD": 107.785004,
    "USDEEK": 14.634951,
    "USDEGP": 7.830102,
    "USDERN": 16.780001,
    "USDETB": 21.042497,
    "USDEUR": 0.938218,
    "USDFJD": 2.16965,
    "USDFKP": 0.648496,
    "USDGBP": 0.658827,
    "USDGEL": 2.394973,
    "USDGGP": 0.65861,
    "USDGHS": 3.790293,
    "USDGIP": 0.657399,
    "USDGMD": 39.599998,
    "USDGNF": 7792.549805,
    "USDGTQ": 7.654498,
    "USDGYD": 207.210007,
    "USDHKD": 7.750797,
    "USDHNL": 22.140203,
    "USDHRK": 7.140802,
    "USDHTG": 54.732899,
    "USDHUF": 292.624978,
    "USDIDR": 13825,
    "USDILS": 3.90105,
    "USDIMP": 0.65861,
    "USDINR": 65.934998,
    "USDIQD": 1116.449951,
    "USDIRR": 29965.000374,
    "USDISK": 131.845001,
    "USDJEP": 0.65862,
    "USDJMD": 119.510002,
    "USDJOD": 0.709008,
    "USDJPY": 123.387957,
    "USDKES": 102.254501,
    "USDKGS": 71.933403,
    "USDKHR": 4055.600098,
    "USDKMF": 461.313507,
    "USDKPW": 899.999892,
    "USDKRW": 1170.60498,
    "USDKWD": 0.30385,
    "USDKYD": 0.820166,
    "USDKZT": 309.164948,
    "USDLAK": 8076.649902,
    "USDLBP": 1508.199951,
    "USDLKR": 142.820007,
    "USDLRD": 84.660004,
    "USDLSL": 14.345497,
    "USDLTL": 3.048705,
    "USDLVL": 0.62055,
    "USDLYD": 1.405506,
    "USDMAD": 10.0155,
    "USDMDL": 19.82625,
    "USDMGA": 3300.350098,
    "USDMKD": 57.470001,
    "USDMMK": 1286.501624,
    "USDMNT": 1991.498155,
    "USDMOP": 7.98335,
    "USDMRO": 318.999648,
    "USDMUR": 35.750232,
    "USDMVR": 15.39034,
    "USDMWK": 583.015015,
    "USDMXN": 16.78265,
    "USDMYR": 4.381502,
    "USDMZN": 45.224998,
    "USDNAD": 14.345501,
    "USDNGN": 199.250203,
    "USDNIO": 27.764498,
    "USDNOK": 8.71425,
    "USDNPR": 105.603996,
    "USDNZD": 1.547257,
    "USDOMR": 0.38495,
    "USDPAB": 1.004965,
    "USDPEN": 3.3357,
    "USDPGK": 2.946897,
    "USDPHP": 47.185501,
    "USDPKR": 105.425003,
    "USDPLN": 3.98215,
    "USDPYG": 5630.665039,
    "USDQAR": 3.641601,
    "USDRON": 4.1637,
    "USDRSD": 112.879997,
    "USDRUB": 65.289497,
    "USDRWF": 745.5,
    "USDSAR": 3.75015,
    "USDSBD": 7.908447,
    "USDSCR": 12.57345,
    "USDSDG": 6.104596,
    "USDSEK": 8.741703,
    "USDSGD": 1.42325,
    "USDSHP": 0.657403,
    "USDSLL": 4394.999919,
    "USDSOS": 605.950012,
    "USDSRD": 3.303312,
    "USDSTD": 22924.5,
    "USDSVC": 8.729203,
    "USDSYP": 221.009995,
    "USDSZL": 14.345502,
    "USDTHB": 35.970501,
    "USDTJS": 6.635501,
    "USDTMT": 3.5,
    "USDTND": 2.04695,
    "USDTOP": 2.188371,
    "USDTRY": 2.886149,
    "USDTTD": 6.416014,
    "USDTWD": 32.771999,
    "USDTZS": 2164.999526,
    "USDUAH": 23.268999,
    "USDUGX": 3455.000175,
    "USDUSD": 1,
    "USDUYU": 29.514999,
    "USDUZS": 2721.120117,
    "USDVEF": 6.350082,
    "USDVND": 22445,
    "USDVUV": 113.750374,
    "USDWST": 2.62378,
    "USDXAF": 615.084656,
    "USDXAG": 0.070053,
    "USDXAU": 0.000924,
    "USDXCD": 2.700644,
    "USDXDR": 0.72585,
    "USDXOF": 615.084656,
    "USDXPF": 111.896202,
    "USDYER": 214.889999,
    "USDZAR": 14.35685,
    "USDZMK": 5156.114208,
    "USDZMW": 12.604984,
    "USDZWL": 322.355011
  }
}
